区名,3月28日,3月29,3月30日,3月31日
浦东,119,286,529,707
黄浦,14,18,30,37
徐汇,31,64,75,93
长宁,10,13,21,64
静安,30,37,45,49
普陀,14,20,26,31
虹口,8,14,15,23
杨浦,3,6,9,14
闵行,63,77,94,149
宝山,25,57,56,60
嘉定,31,35,43,48
金山,3,4,4,6
松江,6,21,28,33
青浦,3,2,7,8
奉贤,1,2,9,14
崇明,2,3,3,4
